{
  "run_id": "txn_tpcc_256_spine_branch",
  "backend": "TXN",
  "benchmark_mode": "nth_op_benchmark",
  "num_threads": 1,
  "num_iterations": 3,
  "seed": 12345,
  "operation": "BRANCH",
  "num_ops": 1,
  "branch_count": 257,
  "iterations": [
    {
      "iteration": 1,
      "total_ops": 1,
      "elapsed_time": 0.015115022659301758,
      "throughput": 66.15934507942016,
      "num_threads": 1
    },
    {
      "iteration": 2,
      "total_ops": 1,
      "elapsed_time": 0.006091117858886719,
      "throughput": 164.17347737591984,
      "num_threads": 1
    },
    {
      "iteration": 3,
      "total_ops": 1,
      "elapsed_time": 0.005110025405883789,
      "throughput": 195.69374329305276,
      "num_threads": 1
    }
  ],
  "average_throughput": 142.00885524946426
}