{
  "run_id": "txn_tpcc_1024_spine_branch",
  "backend": "TXN",
  "benchmark_mode": "nth_op_benchmark",
  "num_threads": 1,
  "num_iterations": 3,
  "seed": 12345,
  "operation": "BRANCH",
  "num_ops": 1,
  "branch_count": 1025,
  "iterations": [
    {
      "iteration": 1,
      "total_ops": 1,
      "elapsed_time": 0.010586023330688477,
      "throughput": 94.46417873471319,
      "num_threads": 1
    },
    {
      "iteration": 2,
      "total_ops": 1,
      "elapsed_time": 0.0057947635650634766,
      "throughput": 172.5695947335939,
      "num_threads": 1
    },
    {
      "iteration": 3,
      "total_ops": 1,
      "elapsed_time": 0.00511479377746582,
      "throughput": 195.51130378035705,
      "num_threads": 1
    }
  ],
  "average_throughput": 154.18169241622138
}