{
  "run_id": "dolt_tpcc_multitrd_512_fan_out",
  "backend": "DOLT",
  "benchmark_mode": "nth_op_benchmark",
  "num_threads": 512,
  "num_iterations": 3,
  "seed": 692153800,
  "operation": "BRANCH",
  "num_ops": 1,
  "branch_count": 1,
  "iterations": [
    {
      "iteration": 1,
      "total_ops": 512,
      "elapsed_time": 11.252338171005249,
      "throughput": 45.50165416458147,
      "num_threads": 512
    },
    {
      "iteration": 2,
      "total_ops": 512,
      "elapsed_time": 11.711406946182251,
      "throughput": 43.71806072086878,
      "num_threads": 512
    },
    {
      "iteration": 3,
      "total_ops": 512,
      "elapsed_time": 11.463539838790894,
      "throughput": 44.66334196942109,
      "num_threads": 512
    }
  ],
  "average_throughput": 44.62768561829045
}