{
  "run_id": "dolt_tpcc_multitrd_1024_fan_out",
  "backend": "DOLT",
  "benchmark_mode": "nth_op_benchmark",
  "num_threads": 1024,
  "num_iterations": 3,
  "seed": 692153800,
  "operation": "BRANCH",
  "num_ops": 1,
  "branch_count": 1,
  "iterations": [
    {
      "iteration": 1,
      "total_ops": 1024,
      "elapsed_time": 23.1580708026886,
      "throughput": 44.21784563682723,
      "num_threads": 1024
    },
    {
      "iteration": 2,
      "total_ops": 1024,
      "elapsed_time": 22.317898988723755,
      "throughput": 45.882455177227115,
      "num_threads": 1024
    },
    {
      "iteration": 3,
      "total_ops": 1024,
      "elapsed_time": 22.248872995376587,
      "throughput": 46.02480315352565,
      "num_threads": 1024
    }
  ],
  "average_throughput": 45.37503465586
}