{
  "run_id": "dolt_tpcc_multitrd_128_fan_out",
  "backend": "DOLT",
  "benchmark_mode": "nth_op_benchmark",
  "num_threads": 128,
  "num_iterations": 3,
  "seed": 692153800,
  "operation": "BRANCH",
  "num_ops": 1,
  "branch_count": 1,
  "iterations": [
    {
      "iteration": 1,
      "total_ops": 128,
      "elapsed_time": 2.3005969524383545,
      "throughput": 55.637733443198506,
      "num_threads": 128
    },
    {
      "iteration": 2,
      "total_ops": 128,
      "elapsed_time": 2.511817216873169,
      "throughput": 50.959122001457004,
      "num_threads": 128
    },
    {
      "iteration": 3,
      "total_ops": 128,
      "elapsed_time": 2.5489540100097656,
      "throughput": 50.21667691819579,
      "num_threads": 128
    }
  ],
  "average_throughput": 52.271177454283766
}