{
  "run_id": "dolt_tpcc_multitrd_256_fan_out",
  "backend": "DOLT",
  "benchmark_mode": "nth_op_benchmark",
  "num_threads": 256,
  "num_iterations": 3,
  "seed": 692153800,
  "operation": "BRANCH",
  "num_ops": 1,
  "branch_count": 1,
  "iterations": [
    {
      "iteration": 1,
      "total_ops": 256,
      "elapsed_time": 5.040365934371948,
      "throughput": 50.78996313625763,
      "num_threads": 256
    },
    {
      "iteration": 2,
      "total_ops": 256,
      "elapsed_time": 5.207174062728882,
      "throughput": 49.16294268562248,
      "num_threads": 256
    },
    {
      "iteration": 3,
      "total_ops": 256,
      "elapsed_time": 5.235079288482666,
      "throughput": 48.900883041677666,
      "num_threads": 256
    }
  ],
  "average_throughput": 49.61792962118593
}