{
  "run_id": "file_copy_tpcc_multitrd_128_fan_out",
  "backend": "FILE_COPY",
  "benchmark_mode": "nth_op_benchmark",
  "num_threads": 128,
  "num_iterations": 3,
  "seed": 701483300,
  "operation": "BRANCH",
  "num_ops": 1,
  "iterations": [
    {
      "iteration": 1,
      "total_ops": 128,
      "elapsed_time": 4.563233852386475,
      "throughput": 28.050282790801685,
      "num_threads": 128
    },
    {
      "iteration": 2,
      "total_ops": 128,
      "elapsed_time": 4.393705129623413,
      "throughput": 29.132587696200485,
      "num_threads": 128
    },
    {
      "iteration": 3,
      "total_ops": 128,
      "elapsed_time": 4.484466075897217,
      "throughput": 28.542974310356616,
      "num_threads": 128
    }
  ],
  "average_throughput": 28.575281599119595
}