{
  "run_id": "file_copy_tpcc_multitrd_64_fan_out",
  "backend": "FILE_COPY",
  "benchmark_mode": "nth_op_benchmark",
  "num_threads": 64,
  "num_iterations": 3,
  "seed": 701483300,
  "operation": "BRANCH",
  "num_ops": 1,
  "iterations": [
    {
      "iteration": 1,
      "total_ops": 64,
      "elapsed_time": 2.376084089279175,
      "throughput": 26.935073673851115,
      "num_threads": 64
    },
    {
      "iteration": 2,
      "total_ops": 64,
      "elapsed_time": 2.180914878845215,
      "throughput": 29.345482770005095,
      "num_threads": 64
    },
    {
      "iteration": 3,
      "total_ops": 64,
      "elapsed_time": 2.2685539722442627,
      "throughput": 28.211803987491336,
      "num_threads": 64
    }
  ],
  "average_throughput": 28.164120143782515
}