{
  "run_id": "file_copy_tpcc_multitrd_256_fan_out",
  "backend": "FILE_COPY",
  "benchmark_mode": "nth_op_benchmark",
  "num_threads": 256,
  "num_iterations": 3,
  "seed": 701483300,
  "operation": "BRANCH",
  "num_ops": 1,
  "iterations": [
    {
      "iteration": 1,
      "total_ops": 256,
      "elapsed_time": 8.894840955734253,
      "throughput": 28.780728207957896,
      "num_threads": 256
    },
    {
      "iteration": 2,
      "total_ops": 256,
      "elapsed_time": 8.931806087493896,
      "throughput": 28.661616418032757,
      "num_threads": 256
    },
    {
      "iteration": 3,
      "total_ops": 256,
      "elapsed_time": 8.920305252075195,
      "throughput": 28.69856947333107,
      "num_threads": 256
    }
  ],
  "average_throughput": 28.71363803310724
}