{
  "run_id": "file_copy_tpcc_multitrd_512_fan_out",
  "backend": "FILE_COPY",
  "benchmark_mode": "nth_op_benchmark",
  "num_threads": 512,
  "num_iterations": 3,
  "seed": 701483300,
  "operation": "BRANCH",
  "num_ops": 1,
  "iterations": [
    {
      "iteration": 1,
      "total_ops": 512,
      "elapsed_time": 18.02094578742981,
      "throughput": 28.411383400150758,
      "num_threads": 512
    },
    {
      "iteration": 2,
      "total_ops": 512,
      "elapsed_time": 18.829675912857056,
      "throughput": 27.191121205139925,
      "num_threads": 512
    },
    {
      "iteration": 3,
      "total_ops": 512,
      "elapsed_time": 18.487335920333862,
      "throughput": 27.694633894592737,
      "num_threads": 512
    }
  ],
  "average_throughput": 27.765712833294472
}