{
  "run_id": "file_copy_tpcc_multitrd_16_fan_out",
  "backend": "FILE_COPY",
  "benchmark_mode": "nth_op_benchmark",
  "num_threads": 16,
  "num_iterations": 3,
  "seed": 701483300,
  "operation": "BRANCH",
  "num_ops": 1,
  "iterations": [
    {
      "iteration": 1,
      "total_ops": 16,
      "elapsed_time": 0.5777769088745117,
      "throughput": 27.69234933802982,
      "num_threads": 16
    },
    {
      "iteration": 2,
      "total_ops": 16,
      "elapsed_time": 0.5798780918121338,
      "throughput": 27.592006364647425,
      "num_threads": 16
    },
    {
      "iteration": 3,
      "total_ops": 16,
      "elapsed_time": 0.5633859634399414,
      "throughput": 28.39971358588107,
      "num_threads": 16
    }
  ],
  "average_throughput": 27.894689762852774
}