{
  "run_id": "file_copy_tpcc_multitrd_32_fan_out",
  "backend": "FILE_COPY",
  "benchmark_mode": "nth_op_benchmark",
  "num_threads": 32,
  "num_iterations": 3,
  "seed": 701483300,
  "operation": "BRANCH",
  "num_ops": 1,
  "iterations": [
    {
      "iteration": 1,
      "total_ops": 32,
      "elapsed_time": 1.2317099571228027,
      "throughput": 25.980142333792603,
      "num_threads": 32
    },
    {
      "iteration": 2,
      "total_ops": 32,
      "elapsed_time": 1.1622610092163086,
      "throughput": 27.53254195593898,
      "num_threads": 32
    },
    {
      "iteration": 3,
      "total_ops": 32,
      "elapsed_time": 1.1195108890533447,
      "throughput": 28.58391134279999,
      "num_threads": 32
    }
  ],
  "average_throughput": 27.365531877510524
}