{
  "run_id": "file_copy_tpcc_multitrd_1024_fan_out",
  "backend": "FILE_COPY",
  "benchmark_mode": "nth_op_benchmark",
  "num_threads": 1024,
  "num_iterations": 3,
  "seed": 701483300,
  "operation": "BRANCH",
  "num_ops": 1,
  "iterations": [
    {
      "iteration": 1,
      "total_ops": 1024,
      "elapsed_time": 38.65917992591858,
      "throughput": 26.487887274439352,
      "num_threads": 1024
    },
    {
      "iteration": 2,
      "total_ops": 1024,
      "elapsed_time": 39.06316900253296,
      "throughput": 26.213951047688965,
      "num_threads": 1024
    },
    {
      "iteration": 3,
      "total_ops": 1024,
      "elapsed_time": 38.379157066345215,
      "throughput": 26.681148786822845,
      "num_threads": 1024
    }
  ],
  "average_throughput": 26.460995702983723
}