{
  "run_id": "txn_tpcc_multitrd_1024_fan_out",
  "backend": "TXN",
  "benchmark_mode": "nth_op_benchmark",
  "num_threads": 1024,
  "num_iterations": 3,
  "seed": 296166604,
  "operation": "BRANCH",
  "num_ops": 1,
  "branch_count": 1,
  "iterations": [
    {
      "iteration": 1,
      "total_ops": 1024,
      "elapsed_time": 1.589751958847046,
      "throughput": 644.1256412998209,
      "num_threads": 1024
    },
    {
      "iteration": 2,
      "total_ops": 1024,
      "elapsed_time": 1.8676772117614746,
      "throughput": 548.2746127390119,
      "num_threads": 1024
    },
    {
      "iteration": 3,
      "total_ops": 1024,
      "elapsed_time": 1.8829050064086914,
      "throughput": 543.8404999268121,
      "num_threads": 1024
    }
  ],
  "average_throughput": 578.7469179885483
}