{
  "run_id": "txn_tpcc_multitrd_256_fan_out",
  "backend": "TXN",
  "benchmark_mode": "nth_op_benchmark",
  "num_threads": 256,
  "num_iterations": 3,
  "seed": 296166604,
  "operation": "BRANCH",
  "num_ops": 1,
  "branch_count": 1,
  "iterations": [
    {
      "iteration": 1,
      "total_ops": 256,
      "elapsed_time": 0.3727250099182129,
      "throughput": 686.8334380249238,
      "num_threads": 256
    },
    {
      "iteration": 2,
      "total_ops": 256,
      "elapsed_time": 0.40265607833862305,
      "throughput": 635.778307523054,
      "num_threads": 256
    },
    {
      "iteration": 3,
      "total_ops": 256,
      "elapsed_time": 0.39592504501342773,
      "throughput": 646.5870326321938,
      "num_threads": 256
    }
  ],
  "average_throughput": 656.3995927267239
}