{
  "run_id": "txn_tpcc_multitrd_512_fan_out",
  "backend": "TXN",
  "benchmark_mode": "nth_op_benchmark",
  "num_threads": 512,
  "num_iterations": 3,
  "seed": 296166604,
  "operation": "BRANCH",
  "num_ops": 1,
  "branch_count": 1,
  "iterations": [
    {
      "iteration": 1,
      "total_ops": 512,
      "elapsed_time": 0.7920231819152832,
      "throughput": 646.44572493683,
      "num_threads": 512
    },
    {
      "iteration": 2,
      "total_ops": 512,
      "elapsed_time": 0.8554790019989014,
      "throughput": 598.4951106966591,
      "num_threads": 512
    },
    {
      "iteration": 3,
      "total_ops": 512,
      "elapsed_time": 0.8632290363311768,
      "throughput": 593.1218465218213,
      "num_threads": 512
    }
  ],
  "average_throughput": 612.6875607184369
}