{
  "run_id": "txn_tpcc_multitrd_64_fan_out",
  "backend": "TXN",
  "benchmark_mode": "nth_op_benchmark",
  "num_threads": 64,
  "num_iterations": 3,
  "seed": 296166604,
  "operation": "BRANCH",
  "num_ops": 1,
  "branch_count": 1,
  "iterations": [
    {
      "iteration": 1,
      "total_ops": 64,
      "elapsed_time": 0.1025850772857666,
      "throughput": 623.8724158847987,
      "num_threads": 64
    },
    {
      "iteration": 2,
      "total_ops": 64,
      "elapsed_time": 0.22232818603515625,
      "throughput": 287.86273635084586,
      "num_threads": 64
    },
    {
      "iteration": 3,
      "total_ops": 64,
      "elapsed_time": 0.10733532905578613,
      "throughput": 596.2622052123849,
      "num_threads": 64
    }
  ],
  "average_throughput": 502.66578581600976
}