{
  "run_id": "txn_tpcc_multitrd_16_fan_out",
  "backend": "TXN",
  "benchmark_mode": "nth_op_benchmark",
  "num_threads": 16,
  "num_iterations": 3,
  "seed": 296166604,
  "operation": "BRANCH",
  "num_ops": 1,
  "branch_count": 1,
  "iterations": [
    {
      "iteration": 1,
      "total_ops": 16,
      "elapsed_time": 0.03453636169433594,
      "throughput": 463.2798365273099,
      "num_threads": 16
    },
    {
      "iteration": 2,
      "total_ops": 16,
      "elapsed_time": 0.03397488594055176,
      "throughput": 470.93609167654967,
      "num_threads": 16
    },
    {
      "iteration": 3,
      "total_ops": 16,
      "elapsed_time": 0.03303122520446777,
      "throughput": 484.3901460196473,
      "num_threads": 16
    }
  ],
  "average_throughput": 472.86869140783557
}