{
  "run_id": "txn_tpcc_multitrd_32_fan_out",
  "backend": "TXN",
  "benchmark_mode": "nth_op_benchmark",
  "num_threads": 32,
  "num_iterations": 3,
  "seed": 296166604,
  "operation": "BRANCH",
  "num_ops": 1,
  "branch_count": 1,
  "iterations": [
    {
      "iteration": 1,
      "total_ops": 32,
      "elapsed_time": 0.05749011039733887,
      "throughput": 556.617473489514,
      "num_threads": 32
    },
    {
      "iteration": 2,
      "total_ops": 32,
      "elapsed_time": 0.06328606605529785,
      "throughput": 505.64053028733315,
      "num_threads": 32
    },
    {
      "iteration": 3,
      "total_ops": 32,
      "elapsed_time": 0.059355735778808594,
      "throughput": 539.1222866691303,
      "num_threads": 32
    }
  ],
  "average_throughput": 533.7934301486592
}