{
  "run_id": "txn_tpcc_multitrd_128_fan_out",
  "backend": "TXN",
  "benchmark_mode": "nth_op_benchmark",
  "num_threads": 128,
  "num_iterations": 3,
  "seed": 296166604,
  "operation": "BRANCH",
  "num_ops": 1,
  "branch_count": 1,
  "iterations": [
    {
      "iteration": 1,
      "total_ops": 128,
      "elapsed_time": 0.20110511779785156,
      "throughput": 636.4830562326318,
      "num_threads": 128
    },
    {
      "iteration": 2,
      "total_ops": 128,
      "elapsed_time": 0.2685072422027588,
      "throughput": 476.7096743831696,
      "num_threads": 128
    },
    {
      "iteration": 3,
      "total_ops": 128,
      "elapsed_time": 0.19695782661437988,
      "throughput": 649.8853191074699,
      "num_threads": 128
    }
  ],
  "average_throughput": 587.6926832410904
}